{
    "$schema": "https://schema.management.azure.com/schemas/2015-01-01/deploymentParameters.json#",
    "contentVersion": "1.0.0.0",
    "parameters": {
        "virtualMachines_VM1_name": {
            "value": null
        },
        "virtualMachines_VM2_name": {
            "value": null
        },
        "virtualNetworks_Vnet1_name": {
            "value": null
        },
        "virtualNetworks_Vnet2_name": {
            "value": null
        },
        "networkInterfaces_vm1821_name": {
            "value": null
        },
        "networkInterfaces_vm2963_name": {
            "value": null
        },
        "publicIPAddresses_VM1_ip_name": {
            "value": null
        },
        "publicIPAddresses_VM2_ip_name": {
            "value": null
        },
        "networkSecurityGroups_VM1_nsg_name": {
            "value": null
        },
        "networkSecurityGroups_VM2_nsg_name": {
            "value": null
        }
    }
}